component_id,label,code_system,source_id,source_element,derivation,n_codes
elix_aids,Elixhauser Refined: Acquired immune deficiency syndrome,ICD10CM,hcup_cmr_v2026_1,CMR_AIDS,all ICD-10-CM codes flagged 1 in DX_to_Comorb_Mapping,9
elix_alcohol,Elixhauser Refined: Alcohol abuse,ICD10CM,hcup_cmr_v2026_1,CMR_ALCOHOL,all ICD-10-CM codes flagged 1 in DX_to_Comorb_Mapping,57
elix_anemdef,Elixhauser Refined: Anemias due to other nutritional deficiencies,ICD10CM,hcup_cmr_v2026_1,CMR_ANEMDEF,all ICD-10-CM codes flagged 1 in DX_to_Comorb_Mapping,26
elix_autoimmune,Elixhauser Refined: Autoimmune conditions,ICD10CM,hcup_cmr_v2026_1,CMR_AUTOIMMUNE,all ICD-10-CM codes flagged 1 in DX_to_Comorb_Mapping,599
elix_bldloss,Elixhauser Refined: Chronic blood loss (iron deficiency),ICD10CM,hcup_cmr_v2026_1,CMR_BLDLOSS,all ICD-10-CM codes flagged 1 in DX_to_Comorb_Mapping,1
elix_cancer_leuk,Elixhauser Refined: Leukemia,ICD10CM,hcup_cmr_v2026_1,CMR_CANCER_LEUK,all ICD-10-CM codes flagged 1 in DX_to_Comorb_Mapping,100
elix_cancer_lymph,Elixhauser Refined: Lymphoma,ICD10CM,hcup_cmr_v2026_1,CMR_CANCER_LYMPH,all ICD-10-CM codes flagged 1 in DX_to_Comorb_Mapping,447
elix_cancer_mets,Elixhauser Refined: Metastatic cancer,ICD10CM,hcup_cmr_v2026_1,CMR_CANCER_METS,all ICD-10-CM codes flagged 1 in DX_to_Comorb_Mapping,54
elix_cancer_nsitu,"Elixhauser Refined: Solid tumor without metastasis, in situ",ICD10CM,hcup_cmr_v2026_1,CMR_CANCER_NSITU,all ICD-10-CM codes flagged 1 in DX_to_Comorb_Mapping,110
elix_cancer_solid,"Elixhauser Refined: Solid tumor without metastasis, malignant",ICD10CM,hcup_cmr_v2026_1,CMR_CANCER_SOLID,all ICD-10-CM codes flagged 1 in DX_to_Comorb_Mapping,601
elix_coag,Elixhauser Refined: Coagulopathy,ICD10CM,hcup_cmr_v2026_1,CMR_COAG,all ICD-10-CM codes flagged 1 in DX_to_Comorb_Mapping,57
elix_dementia,Elixhauser Refined: Dementia,ICD10CM,hcup_cmr_v2026_1,CMR_DEMENTIA,all ICD-10-CM codes flagged 1 in DX_to_Comorb_Mapping,93
elix_depress,Elixhauser Refined: Depression,ICD10CM,hcup_cmr_v2026_1,CMR_DEPRESS,all ICD-10-CM codes flagged 1 in DX_to_Comorb_Mapping,19
elix_diab_cx,Elixhauser Refined: Diabetes with chronic complications,ICD10CM,hcup_cmr_v2026_1,CMR_DIAB_CX,all ICD-10-CM codes flagged 1 in DX_to_Comorb_Mapping,445
elix_diab_uncx,Elixhauser Refined: Diabetes without chronic complications,ICD10CM,hcup_cmr_v2026_1,CMR_DIAB_UNCX,all ICD-10-CM codes flagged 1 in DX_to_Comorb_Mapping,66
elix_drug_abuse,Elixhauser Refined: Drug abuse,ICD10CM,hcup_cmr_v2026_1,CMR_DRUG_ABUSE,all ICD-10-CM codes flagged 1 in DX_to_Comorb_Mapping,259
elix_hf,Elixhauser Refined: Heart failure,ICD10CM,hcup_cmr_v2026_1,CMR_HF,all ICD-10-CM codes flagged 1 in DX_to_Comorb_Mapping,37
elix_htn_cx,"Elixhauser Refined: Hypertension, complicated",ICD10CM,hcup_cmr_v2026_1,CMR_HTN_CX,all ICD-10-CM codes flagged 1 in DX_to_Comorb_Mapping,61
elix_htn_uncx,"Elixhauser Refined: Hypertension, uncomplicated",ICD10CM,hcup_cmr_v2026_1,CMR_HTN_UNCX,all ICD-10-CM codes flagged 1 in DX_to_Comorb_Mapping,10
elix_liver_mld,"Elixhauser Refined: Liver disease, mild",ICD10CM,hcup_cmr_v2026_1,CMR_LIVER_MLD,all ICD-10-CM codes flagged 1 in DX_to_Comorb_Mapping,60
elix_liver_sev,"Elixhauser Refined: Liver disease and failure, moderate to severe",ICD10CM,hcup_cmr_v2026_1,CMR_LIVER_SEV,all ICD-10-CM codes flagged 1 in DX_to_Comorb_Mapping,19
elix_lung_chronic,Elixhauser Refined: Chronic pulmonary disease,ICD10CM,hcup_cmr_v2026_1,CMR_LUNG_CHRONIC,all ICD-10-CM codes flagged 1 in DX_to_Comorb_Mapping,68
elix_neuro_movt,Elixhauser Refined: Neurological disorders affecting movement,ICD10CM,hcup_cmr_v2026_1,CMR_NEURO_MOVT,all ICD-10-CM codes flagged 1 in DX_to_Comorb_Mapping,68
elix_neuro_oth,Elixhauser Refined: Other neurological disorders,ICD10CM,hcup_cmr_v2026_1,CMR_NEURO_OTH,all ICD-10-CM codes flagged 1 in DX_to_Comorb_Mapping,77
elix_neuro_seiz,Elixhauser Refined: Seizures and epilepsy,ICD10CM,hcup_cmr_v2026_1,CMR_NEURO_SEIZ,all ICD-10-CM codes flagged 1 in DX_to_Comorb_Mapping,61
elix_obese,Elixhauser Refined: Obesity,ICD10CM,hcup_cmr_v2026_1,CMR_OBESE,all ICD-10-CM codes flagged 1 in DX_to_Comorb_Mapping,35
elix_paralysis,Elixhauser Refined: Paralysis,ICD10CM,hcup_cmr_v2026_1,CMR_PARALYSIS,all ICD-10-CM codes flagged 1 in DX_to_Comorb_Mapping,180
elix_perivasc,Elixhauser Refined: Peripheral vascular disease,ICD10CM,hcup_cmr_v2026_1,CMR_PERIVASC,all ICD-10-CM codes flagged 1 in DX_to_Comorb_Mapping,360
elix_psychoses,Elixhauser Refined: Psychoses,ICD10CM,hcup_cmr_v2026_1,CMR_PSYCHOSES,all ICD-10-CM codes flagged 1 in DX_to_Comorb_Mapping,145
elix_pulmcirc,Elixhauser Refined: Pulmonary circulation disease,ICD10CM,hcup_cmr_v2026_1,CMR_PULMCIRC,all ICD-10-CM codes flagged 1 in DX_to_Comorb_Mapping,22
elix_renlfl_mod,"Elixhauser Refined: Renal (kidney) failure and disease, moderate",ICD10CM,hcup_cmr_v2026_1,CMR_RENLFL_MOD,all ICD-10-CM codes flagged 1 in DX_to_Comorb_Mapping,6
elix_renlfl_sev,"Elixhauser Refined: Renal (kidney) failure and disease, severe",ICD10CM,hcup_cmr_v2026_1,CMR_RENLFL_SEV,all ICD-10-CM codes flagged 1 in DX_to_Comorb_Mapping,15
elix_thyroid_hypo,Elixhauser Refined: Hypothyroidism,ICD10CM,hcup_cmr_v2026_1,CMR_THYROID_HYPO,all ICD-10-CM codes flagged 1 in DX_to_Comorb_Mapping,18
elix_thyroid_oth,Elixhauser Refined: Other thyroid disorders,ICD10CM,hcup_cmr_v2026_1,CMR_THYROID_OTH,all ICD-10-CM codes flagged 1 in DX_to_Comorb_Mapping,31
elix_ulcer_peptic,Elixhauser Refined: Peptic ulcer with bleeding,ICD10CM,hcup_cmr_v2026_1,CMR_ULCER_PEPTIC,all ICD-10-CM codes flagged 1 in DX_to_Comorb_Mapping,36
elix_valve,Elixhauser Refined: Valvular disease,ICD10CM,hcup_cmr_v2026_1,CMR_VALVE,all ICD-10-CM codes flagged 1 in DX_to_Comorb_Mapping,109
elix_wghtloss,Elixhauser Refined: Weight loss,ICD10CM,hcup_cmr_v2026_1,CMR_WGHTLOSS,all ICD-10-CM codes flagged 1 in DX_to_Comorb_Mapping,18
ccw_adhd_conduct_disorders_and_hyperkinetic_syndrome,"CCW: ADHD, Conduct Disorders, and Hyperkinetic Syndrome",ICD10CM,ccw_otcc_2026_08,"ADHD, Conduct Disorders, and Hyperkinetic Syndrome",codes parsed from ICD-10 column; qualify rule: least 1 inpatient OR 2 other claims of service type,18
ccw_alcohol_use_disorders,CCW: Alcohol Use Disorders,ICD10CM,ccw_otcc_2026_08,Alcohol Use Disorders,codes parsed from ICD-10 column; qualify rule: least 1 inpatient OR 2 other claims of service type codes only one to qualify,75
ccw_anxiety_disorders,CCW: Anxiety Disorders,ICD10CM,ccw_otcc_2026_08,Anxiety Disorders,codes parsed from ICD-10 column; qualify rule: least 1 inpatient OR 2 other claims of service type,49
ccw_autism_spectrum_disorders,CCW: Autism Spectrum Disorders,ICD10CM,ccw_otcc_2026_08,Autism Spectrum Disorders,codes parsed from ICD-10 column; qualify rule: least 1 inpatient OR 2 other claims of service type,5
ccw_bipolar_disorder,CCW: Bipolar Disorder,ICD10CM,ccw_otcc_2026_08,Bipolar Disorder,codes parsed from ICD-10 column; qualify rule: least 1 inpatient OR 2 other claims of service type,42
ccw_cerebral_palsy,CCW: Cerebral Palsy,ICD10CM,ccw_otcc_2026_08,Cerebral Palsy,codes parsed from ICD-10 column; qualify rule: least 1 inpatient OR 2 other claims of service type,7
ccw_chronic_pain,CCW: Chronic Pain,ICD10CM,ccw_otcc_2026_08,Chronic Pain,codes parsed from ICD-10 column; qualify rule: least 1 claim of service type,453
ccw_cystic_fibrosis_and_other_metabolic_developmental_disorders,CCW: Cystic Fibrosis and Other Metabolic Developmental Disorders,ICD10CM,ccw_otcc_2026_08,Cystic Fibrosis and Other Metabolic Developmental Disorders,codes parsed from ICD-10 column; qualify rule: least 1 inpatient OR 2 other claims of service type,80
ccw_depressive_disorders,CCW: Depressive Disorders,ICD10CM,ccw_otcc_2026_08,Depressive Disorders,codes parsed from ICD-10 column; qualify rule: least 1 inpatient OR 2 other claims of service type,19
ccw_drug_use_disorders,CCW: Drug Use Disorders,ICD10CM,ccw_otcc_2026_08,Drug Use Disorders,codes parsed from ICD-10 column; qualify rule: least 1 inpatient OR 2 other claims of service type codes only one to qualify,442
ccw_epilepsy,CCW: Epilepsy,ICD10CM,ccw_otcc_2026_08,Epilepsy,codes parsed from ICD-10 column; qualify rule: least 1 inpatient OR 2 other claims of service type,59
ccw_fibromyalgia_chronic_pain_and_fatigue,"CCW: Fibromyalgia, Chronic Pain and Fatigue",ICD10CM,ccw_otcc_2026_08,"Fibromyalgia, Chronic Pain and Fatigue",codes parsed from ICD-10 column; qualify rule: least 1 inpatient OR 2 other claims of service type,48
ccw_human_immunodeficiency_virus_and_or_acquired_immunodeficienc,CCW: Human Immunodeficiency Virus and/or Acquired Immunodeficiency Syndrome (HIV/AIDS),ICD10CM,ccw_otcc_2026_08,Human Immunodeficiency Virus and/or Acquired Immunodeficiency Syndrome (HIV/AIDS),codes parsed from ICD-10 column; qualify rule: least 1 inpatient OR 2 other claims of service type,4
ccw_intellectual_disabilities_and_related_conditions,CCW: Intellectual Disabilities and Related Conditions,ICD10CM,ccw_otcc_2026_08,Intellectual Disabilities and Related Conditions,codes parsed from ICD-10 column; qualify rule: least 1 inpatient OR 2 other claims of service type,67
ccw_learning_disabilities,CCW: Learning Disabilities,ICD10CM,ccw_otcc_2026_08,Learning Disabilities,codes parsed from ICD-10 column; qualify rule: least 1 inpatient OR 2 other claims of service type,16
ccw_leukemias_and_lymphomas,CCW: Leukemias and Lymphomas,ICD10CM,ccw_otcc_2026_08,Leukemias and Lymphomas,codes parsed from ICD-10 column; qualify rule: least 1 inpatient OR 2 other claims of service type,516
ccw_liver_disease_cirrhosis_and_other_liver_conditions_except_vi,"CCW: Liver Disease, Cirrhosis and Other Liver Conditions (except Viral Hepatitis)",ICD10CM,ccw_otcc_2026_08,"Liver Disease, Cirrhosis and Other Liver Conditions (except Viral Hepatitis)",codes parsed from ICD-10 column; qualify rule: least 1 inpatient OR 2 other claims of service type must at least one liver diagnosis on,62
ccw_migraine_and_other_chronic_headache,CCW: Migraine and Other Chronic Headache,ICD10CM,ccw_otcc_2026_08,Migraine and Other Chronic Headache,codes parsed from ICD-10 column; qualify rule: least 1 inpatient OR 2 other claims of service type,88
ccw_mobility_impairments,CCW: Mobility Impairments,ICD10CM,ccw_otcc_2026_08,Mobility Impairments,codes parsed from ICD-10 column; qualify rule: least 1 inpatient OR 2 other claims of service type,175
ccw_multiple_sclerosis_and_transverse_myelitis,CCW: Multiple Sclerosis and Transverse Myelitis,ICD10CM,ccw_otcc_2026_08,Multiple Sclerosis and Transverse Myelitis,codes parsed from ICD-10 column; qualify rule: least 1 inpatient OR 2 other claims of service type,21
ccw_muscular_dystrophy,CCW: Muscular Dystrophy,ICD10CM,ccw_otcc_2026_08,Muscular Dystrophy,codes parsed from ICD-10 column; qualify rule: least 1 inpatient OR 2 other claims of service type,23
ccw_obesity,CCW: Obesity,ICD10CM,ccw_otcc_2026_08,Obesity,codes parsed from ICD-10 column; qualify rule: least 1 inpatient OR 2 other claims of service type,28
ccw_opioid_use_disorder_oud_1_overarching_opioid_use_disorder,CCW: Opioid Use Disorder (OUD) #1: Overarching Opioid Use Disorder,none,ccw_otcc_2026_08,Opioid Use Disorder (OUD) #1: Overarching Opioid Use Disorder,codes parsed from ICD-10 column; qualify rule: ,0
ccw_oud_2_diagnosis_and_procedure_code_basis_for_oud,CCW: OUD #2: Diagnosis- and Procedure-code basis for OUD,ICD10CM,ccw_otcc_2026_08,OUD #2: Diagnosis- and Procedure-code basis for OUD,codes parsed from ICD-10 column; qualify rule: least 1 inpatient OR 2 other claims of service type DX (or ICD-10- procedure),82
ccw_oud_3_opioid_related_hospitalizations_ed_visits,CCW: OUD #3: Opioid- related Hospitalizations/ED Visits,ICD10CM,ccw_otcc_2026_08,OUD #3: Opioid- related Hospitalizations/ED Visits,codes parsed from ICD-10 column; qualify rule: inpatient claim one emergency (ED),174
ccw_oud_4_utilization_of_medication_assisted_therapy_mat,CCW: OUD #4: Utilization of Medication-Assisted Therapy (MAT),mixed,ccw_otcc_2026_08,OUD #4: Utilization of Medication-Assisted Therapy (MAT),codes parsed from ICD-10 column; qualify rule: or more drug with an NDC opioid-MAT OR or more non- claim with a code. Naltrexone are excluded there is evidence an alcohol or drug use where #2 is not,24
ccw_oud_4_utilization_of_medication_assisted_therapy_mat__ndc_buprenorphine,CCW: OUD #4: Utilization of Medication-Assisted Therapy (MAT) - NDCs (buprenorphine),NDC,ccw_otcc_2026_08,OUD #4: Utilization of Medication-Assisted Therapy (MAT),11-digit NDCs parsed from the algorithm,280
ccw_oud_4_utilization_of_medication_assisted_therapy_mat__ndc_naltrexone,CCW: OUD #4: Utilization of Medication-Assisted Therapy (MAT) - NDCs (naltrexone),NDC,ccw_otcc_2026_08,OUD #4: Utilization of Medication-Assisted Therapy (MAT),11-digit NDCs parsed from the algorithm,68
ccw_other_developmental_delays,CCW: Other Developmental Delays,ICD10CM,ccw_otcc_2026_08,Other Developmental Delays,codes parsed from ICD-10 column; qualify rule: least 1 inpatient OR 2 other claims of service type,4
ccw_peripheral_vascular_disease_pvd,CCW: Peripheral Vascular Disease (PVD),ICD10CM,ccw_otcc_2026_08,Peripheral Vascular Disease (PVD),codes parsed from ICD-10 column; qualify rule: least 1 inpatient OR 2 other claims of service type,53
ccw_personality_disorders,CCW: Personality Disorders,ICD10CM,ccw_otcc_2026_08,Personality Disorders,codes parsed from ICD-10 column; qualify rule: least 1 inpatient OR 2 other claims of service type,19
ccw_post_traumatic_stress_disorder_ptsd,CCW: Post-Traumatic Stress Disorder (PTSD),ICD10CM,ccw_otcc_2026_08,Post-Traumatic Stress Disorder (PTSD),codes parsed from ICD-10 column; qualify rule: least 1 inpatient OR 2 other claims of service type,3
ccw_pressure_ulcers_and_chronic_ulcers,CCW: Pressure Ulcers and Chronic Ulcers,ICD10CM,ccw_otcc_2026_08,Pressure Ulcers and Chronic Ulcers,codes parsed from ICD-10 column; qualify rule: least 1 inpatient OR 2 other claims of service type,569
ccw_schizophrenia,CCW: Schizophrenia,ICD10CM,ccw_otcc_2026_08,Schizophrenia,codes parsed from ICD-10 column; qualify rule: least 1 inpatient OR 2 other claims of service type,12
ccw_schizophrenia_and_other_psychotic_disorders,CCW: Schizophrenia and Other Psychotic Disorders,ICD10CM,ccw_otcc_2026_08,Schizophrenia and Other Psychotic Disorders,codes parsed from ICD-10 column; qualify rule: least 1 inpatient OR 2 other claims of service type,23
ccw_sensory_blindness_and_visual_impairment,CCW: Sensory - Blindness and Visual Impairment,ICD10CM,ccw_otcc_2026_08,Sensory - Blindness and Visual Impairment,codes parsed from ICD-10 column; qualify rule: least 1 inpatient OR 2 other claims of service type,32
ccw_sensory_deafness_and_hearing_impairment,CCW: Sensory - Deafness and Hearing Impairment,ICD10CM,ccw_otcc_2026_08,Sensory - Deafness and Hearing Impairment,codes parsed from ICD-10 column; qualify rule: least 1 inpatient OR 2 other claims of service type,25
ccw_sickle_cell_disease,CCW: Sickle Cell Disease,ICD10CM,ccw_otcc_2026_08,Sickle Cell Disease,codes parsed from ICD-10 column; qualify rule: or more non-drug of any type,42
ccw_spina_bifida_and_other_congenital_anomalies_of_the_nervous_s,CCW: Spina Bifida and Other Congenital Anomalies of the Nervous System,ICD10CM,ccw_otcc_2026_08,Spina Bifida and Other Congenital Anomalies of the Nervous System,codes parsed from ICD-10 column; qualify rule: least 1 inpatient OR 2 other claims of service type,46
ccw_spinal_cord_injury,CCW: Spinal Cord Injury,ICD10CM,ccw_otcc_2026_08,Spinal Cord Injury,codes parsed from ICD-10 column; qualify rule: least 1 inpatient OR 2 other claims of service type,272
ccw_tobacco_use_disorders,CCW: Tobacco Use Disorders,mixed,ccw_otcc_2026_08,Tobacco Use Disorders,codes parsed from ICD-10 column; qualify rule: least 1 inpatient OR 2 other claims of service type codes only one to qualify,41
ccw_traumatic_brain_injury_and_nonpsychotic_mental_disorders_due,CCW: Traumatic Brain Injury and Nonpsychotic Mental Disorders due to Brain Damage,ICD10CM,ccw_otcc_2026_08,Traumatic Brain Injury and Nonpsychotic Mental Disorders due to Brain Damage,codes parsed from ICD-10 column; qualify rule: least 1 inpatient OR 2 other claims of service type,219
ccw_viral_hepatitis_general,"CCW: Viral Hepatitis (General) , including:",ICD10CM,ccw_otcc_2026_08,"Viral Hepatitis (General) , including:",codes parsed from ICD-10 column; qualify rule: least 1 inpatient OR 2 other claims of service type,23
ccw_hepatitis_a,CCW: Hepatitis A,ICD10CM,ccw_otcc_2026_08,Hepatitis A,codes parsed from ICD-10 column; qualify rule: least 1 inpatient OR 2 other claims of service type,2
ccw_hepatitis_b_acute_or_unspecified,CCW: Hepatitis B (acute or unspecified),ICD10CM,ccw_otcc_2026_08,Hepatitis B (acute or unspecified),codes parsed from ICD-10 column; qualify rule: least 1 inpatient OR 2 other claims of service type,6
ccw_hepatitis_b_chronic,CCW: Hepatitis B (chronic),ICD10CM,ccw_otcc_2026_08,Hepatitis B (chronic),codes parsed from ICD-10 column; qualify rule: least 1 inpatient OR 2 other claims of service type,2
ccw_hepatitis_c_acute,CCW: Hepatitis C (acute),ICD10CM,ccw_otcc_2026_08,Hepatitis C (acute),codes parsed from ICD-10 column; qualify rule: least 1 inpatient OR 2 other claims of service type,2
ccw_hepatitis_c_chronic,CCW: Hepatitis C (chronic),ICD10CM,ccw_otcc_2026_08,Hepatitis C (chronic),codes parsed from ICD-10 column; qualify rule: least 1 inpatient OR 2 other claims of service type,1
ccw_hepatitis_c_unspecified,CCW: Hepatitis C (unspecified),ICD10CM,ccw_otcc_2026_08,Hepatitis C (unspecified),codes parsed from ICD-10 column; qualify rule: least 1 inpatient OR 2 other claims of service type,2
ccw_hepatitis_d,CCW: Hepatitis D,ICD10CM,ccw_otcc_2026_08,Hepatitis D,codes parsed from ICD-10 column; qualify rule: least 1 inpatient OR 2 other claims of service type,4
ccw30_acute_myocardial_infarction,CCW: Acute Myocardial Infarction,ICD10CM,ccw_chronic30_2026_08,Acute Myocardial Infarction,codes parsed from ICD-10 column; qualify rule: 1 inpatient with DX codes,27
ccw30_alzheimer_s_disease,CCW: Alzheimer's Disease,ICD10CM,ccw_chronic30_2026_08,Alzheimer's Disease,codes parsed from ICD-10 column; qualify rule: 1 OR 2 HOP/carrier with DX codes,4
ccw30_anemia,CCW: Anemia,ICD10CM,ccw_chronic30_2026_08,Anemia,codes parsed from ICD-10 column; qualify rule: 1 OR 2 HOP/carrier with DX codes,143
ccw30_asthma,CCW: Asthma,ICD10CM,ccw_chronic30_2026_08,Asthma,codes parsed from ICD-10 column; qualify rule: 1 OR 2 HOP/carrier with DX codes,18
ccw30_atrial_fibrillation_and_flutter,CCW: Atrial Fibrillation and Flutter,ICD10CM,ccw_chronic30_2026_08,Atrial Fibrillation and Flutter,codes parsed from ICD-10 column; qualify rule: 1 OR 2 HOP/carrier with DX codes,10
ccw30_benign_prostatic_hyperplasia,CCW: Benign Prostatic Hyperplasia,ICD10CM,ccw_chronic30_2026_08,Benign Prostatic Hyperplasia,codes parsed from ICD-10 column; qualify rule: 1 OR 2 HOP/carrier with DX codes,5
ccw30_cancer_breast,"CCW: Cancer, Breast",ICD10CM,ccw_chronic30_2026_08,"Cancer, Breast",codes parsed from ICD-10 column; qualify rule: 1 inpatient/SNF OR 2 HOP/carrier with DX codes,83
ccw30_cancer_colorectal,"CCW: Cancer, Colorectal",ICD10CM,ccw_chronic30_2026_08,"Cancer, Colorectal",codes parsed from ICD-10 column; qualify rule: 1 inpatient/SNF OR 2 HOP/carrier with DX codes,21
ccw30_cancer_endometrial,"CCW: Cancer, Endometrial",ICD10CM,ccw_chronic30_2026_08,"Cancer, Endometrial",codes parsed from ICD-10 column; qualify rule: 1 inpatient/SNF OR 2 HOP/carrier with DX codes,8
ccw30_cancer_lung,"CCW: Cancer, Lung",ICD10CM,ccw_chronic30_2026_08,"Cancer, Lung",codes parsed from ICD-10 column; qualify rule: 1 inpatient/SNF OR 2 HOP/carrier with DX codes,21
ccw30_cancer_prostate,"CCW: Cancer, Prostate",ICD10CM,ccw_chronic30_2026_08,"Cancer, Prostate",codes parsed from ICD-10 column; qualify rule: 1 inpatient/SNF OR 2 HOP/carrier with DX codes,3
ccw30_cancer_urologic_kidney_renal_pelvis_and_ureter,"CCW: Cancer, Urologic (Kidney, Renal Pelvis, and Ureter)",ICD10CM,ccw_chronic30_2026_08,"Cancer, Urologic (Kidney, Renal Pelvis, and Ureter)",codes parsed from ICD-10 column; qualify rule: 1 inpatient/SNF OR 2 HOP/carrier with DX codes,18
ccw30_cataract,CCW: Cataract,ICD10CM,ccw_chronic30_2026_08,Cataract,codes parsed from ICD-10 column; qualify rule: 1 HOP or claim with DX,101
ccw30_chronic_kidney_disease,CCW: Chronic Kidney Disease,ICD10CM,ccw_chronic30_2026_08,Chronic Kidney Disease,codes parsed from ICD-10 column; qualify rule: 1 OR 2 HOP/carrier with DX codes,186
ccw30_chronic_obstructive_pulmonary_disease,CCW: Chronic Obstructive Pulmonary Disease,ICD10CM,ccw_chronic30_2026_08,Chronic Obstructive Pulmonary Disease,codes parsed from ICD-10 column; qualify rule: 1 OR 2 HOP/carrier with DX codes,19
ccw30_depression_bipolar_or_other_depressive_mood_disorders,"CCW: Depression, Bipolar, or Other Depressive Mood Disorders",ICD10CM,ccw_chronic30_2026_08,"Depression, Bipolar, or Other Depressive Mood Disorders",codes parsed from ICD-10 column; qualify rule: 1 OR 2 HOP/carrier with DX codes,50
ccw30_diabetes,CCW: Diabetes,ICD10CM,ccw_chronic30_2026_08,Diabetes,codes parsed from ICD-10 column; qualify rule: 1 OR 2 HOP/carrier with DX codes,468
ccw30_glaucoma,CCW: Glaucoma,ICD10CM,ccw_chronic30_2026_08,Glaucoma,codes parsed from ICD-10 column; qualify rule: 1 HOP or claim with DX,250
ccw30_heart_failure_and_non_ischemic_heart_disease,CCW: Heart Failure and Non- Ischemic Heart Disease,ICD10CM,ccw_chronic30_2026_08,Heart Failure and Non- Ischemic Heart Disease,codes parsed from ICD-10 column; qualify rule: 1 OR 2 HOP/carrier with DX codes,34
ccw30_hip_pelvic_fracture,CCW: Hip/Pelvic Fracture,ICD10CM,ccw_chronic30_2026_08,Hip/Pelvic Fracture,"codes parsed from ICD-10 column; qualify rule: 1 inpatient, HOP or carrier with DX codes",433
ccw30_hyperlipidemia,CCW: Hyperlipidemia,ICD10CM,ccw_chronic30_2026_08,Hyperlipidemia,codes parsed from ICD-10 column; qualify rule: 1 OR 2 HOP/carrier with DX codes,13
ccw30_hypertension,CCW: Hypertension,ICD10CM,ccw_chronic30_2026_08,Hypertension,codes parsed from ICD-10 column; qualify rule: 1 OR 2 HOP/carrier with DX codes,21
ccw30_hypothyroidism,CCW: Hypothyroidism,ICD10CM,ccw_chronic30_2026_08,Hypothyroidism,codes parsed from ICD-10 column; qualify rule: 1 OR 2 HOP/carrier with DX codes,14
ccw30_ischemic_heart_disease,CCW: Ischemic Heart Disease,ICD10CM,ccw_chronic30_2026_08,Ischemic Heart Disease,codes parsed from ICD-10 column; qualify rule: 1 OR 2 HOP/carrier with DX codes,65
ccw30_non_alzheimer_s_dementia,CCW: Non- Alzheimer's Dementia,ICD10CM,ccw_chronic30_2026_08,Non- Alzheimer's Dementia,codes parsed from ICD-10 column; qualify rule: 1 OR 2 HOP/carrier with DX codes,84
ccw30_osteoporosis_with_or_without_pathological_fracture,CCW: Osteoporosis With or Without Pathological Fracture,ICD10CM,ccw_chronic30_2026_08,Osteoporosis With or Without Pathological Fracture,codes parsed from ICD-10 column; qualify rule: 1 OR 2 HOP/carrier with DX codes,57
ccw30_parkinson_s_disease_and_secondary_parkinsonism,CCW: Parkinson's Disease and Secondary Parkinsonism,ICD10CM,ccw_chronic30_2026_08,Parkinson's Disease and Secondary Parkinsonism,codes parsed from ICD-10 column; qualify rule: 1 OR 2 HOP/Carrier with DX codes,13
ccw30_pneumonia_all_cause,"CCW: Pneumonia, All- cause",ICD10CM,ccw_chronic30_2026_08,"Pneumonia, All- cause",codes parsed from ICD-10 column; qualify rule: 1 OR 2 HOP/carrier with DX codes,93
ccw30_rheumatoid_arthritis_osteoarthritis,CCW: Rheumatoid Arthritis/ Osteoarthritis,ICD10CM,ccw_chronic30_2026_08,Rheumatoid Arthritis/ Osteoarthritis,codes parsed from ICD-10 column; qualify rule: 1 OR 2 HOP/carrier with DX codes,632
ccw30_stroke_transient_ischemic_attack,CCW: Stroke/ Transient Ischemic Attack,ICD10CM,ccw_chronic30_2026_08,Stroke/ Transient Ischemic Attack,"codes parsed from ICD-10 column; qualify rule: 1 inpatient, or carrier claim DX codes",270
samhsa_mhcld_adhd,SAMHSA MH-CLD 2023 Table C-2: adhd,ICD10CM,samhsa_mhcld_2023,Table C-2 group 'adhd',"ICD-10 column of Table C-2, validated against ICD-10-CM FY2024-FY2027",17
samhsa_mhcld_alcohol_related,SAMHSA MH-CLD 2023 Table C-2: alcohol related,ICD10CM,samhsa_mhcld_2023,Table C-2 group 'alcohol_related',"ICD-10 column of Table C-2, validated against ICD-10-CM FY2024-FY2027",87
samhsa_mhcld_anxiety,SAMHSA MH-CLD 2023 Table C-2: anxiety,ICD10CM,samhsa_mhcld_2023,Table C-2 group 'anxiety',"ICD-10 column of Table C-2, validated against ICD-10-CM FY2024-FY2027",60
samhsa_mhcld_bipolar,SAMHSA MH-CLD 2023 Table C-2: bipolar,ICD10CM,samhsa_mhcld_2023,Table C-2 group 'bipolar',"ICD-10 column of Table C-2, validated against ICD-10-CM FY2024-FY2027",34
samhsa_mhcld_conduct,SAMHSA MH-CLD 2023 Table C-2: conduct,ICD10CM,samhsa_mhcld_2023,Table C-2 group 'conduct',"ICD-10 column of Table C-2, validated against ICD-10-CM FY2024-FY2027",5
samhsa_mhcld_delirium_dementia,SAMHSA MH-CLD 2023 Table C-2: delirium dementia,ICD10CM,samhsa_mhcld_2023,Table C-2 group 'delirium_dementia',"ICD-10 column of Table C-2, validated against ICD-10-CM FY2024-FY2027",27
samhsa_mhcld_depressive,SAMHSA MH-CLD 2023 Table C-2: depressive,ICD10CM,samhsa_mhcld_2023,Table C-2 group 'depressive',"ICD-10 column of Table C-2, validated against ICD-10-CM FY2024-FY2027",22
samhsa_mhcld_odd,SAMHSA MH-CLD 2023 Table C-2: odd,ICD10CM,samhsa_mhcld_2023,Table C-2 group 'odd',"ICD-10 column of Table C-2, validated against ICD-10-CM FY2024-FY2027",1
samhsa_mhcld_personality,SAMHSA MH-CLD 2023 Table C-2: personality,ICD10CM,samhsa_mhcld_2023,Table C-2 group 'personality',"ICD-10 column of Table C-2, validated against ICD-10-CM FY2024-FY2027",13
samhsa_mhcld_pervasive_developmental,SAMHSA MH-CLD 2023 Table C-2: pervasive developmental,ICD10CM,samhsa_mhcld_2023,Table C-2 group 'pervasive_developmental',"ICD-10 column of Table C-2, validated against ICD-10-CM FY2024-FY2027",6
samhsa_mhcld_schizophrenia_psychotic,SAMHSA MH-CLD 2023 Table C-2: schizophrenia psychotic,ICD10CM,samhsa_mhcld_2023,Table C-2 group 'schizophrenia_psychotic',"ICD-10 column of Table C-2, validated against ICD-10-CM FY2024-FY2027",23
samhsa_mhcld_substance_related,SAMHSA MH-CLD 2023 Table C-2: substance related,ICD10CM,samhsa_mhcld_2023,Table C-2 group 'substance_related',"ICD-10 column of Table C-2, validated against ICD-10-CM FY2024-FY2027",468
samhsa_mhcld_trauma_stressor,SAMHSA MH-CLD 2023 Table C-2: trauma stressor,ICD10CM,samhsa_mhcld_2023,Table C-2 group 'trauma_stressor',"ICD-10 column of Table C-2, validated against ICD-10-CM FY2024-FY2027",12
rxnav_antipsychotic_ndc,Antipsychotic NDCs (ATC N05A via RxNav; lithium and antiemetic-use agents excluded),NDC,nlm_rxnav_n05a,ATC N05A,RxNorm historical NDCs active since 202301,7208
fda_ndc_antipsychotic_epc,Antipsychotic [EPC] package NDCs in the FDA NDC Directory not already in the RxNav list,NDC,fda_ndc_directory,PHARM_CLASSES contains 'Antipsychotic',cross-check additions,41
cpt_maternity,Maternity care CPT code numbers (59000-59899 cited by AMA; no descriptors),CPT,ama_cpt2027_maternity,59xxx code numbers,regex on the AMA PDF; E/M and newborn codes excluded,75
ne_dhhs_mf_dx_sud,Nebraska DHHS medically frail index diagnoses (sud),ICD10CM,ne_dhhs_mf_index,Conditions Index diagnosis section,codes validated against ICD-10-CM FY2024-FY2027; '.x' expanded by prefix; grouped by the toolkit for reporting,146
ne_dhhs_mf_dx_mental,Nebraska DHHS medically frail index diagnoses (mental),ICD10CM,ne_dhhs_mf_index,Conditions Index diagnosis section,codes validated against ICD-10-CM FY2024-FY2027; '.x' expanded by prefix; grouped by the toolkit for reporting,156
ne_dhhs_mf_dx_vision,Nebraska DHHS medically frail index diagnoses (vision),ICD10CM,ne_dhhs_mf_index,Conditions Index diagnosis section,codes validated against ICD-10-CM FY2024-FY2027; '.x' expanded by prefix; grouped by the toolkit for reporting,31
ne_dhhs_mf_dx_other,Nebraska DHHS medically frail index diagnoses (other),ICD10CM,ne_dhhs_mf_index,Conditions Index diagnosis section,codes validated against ICD-10-CM FY2024-FY2027; '.x' expanded by prefix; grouped by the toolkit for reporting,7845
ne_dhhs_mf_procedures,Nebraska DHHS medically frail index procedure codes (HCPCS; individually listed CPT numbers),mixed,ne_dhhs_mf_index,Conditions Index CPT/HCPC section,HCPCS ranges expanded against the HCPCS file; CPT ranges not expanded,84
ifc_sarcoidosis,Sarcoidosis (IFC-named serious or complex condition),ICD10CM,cms_icd10cm_fy2024..fy2027,D86,91 FR 33376 names sarcoidosis; ICD-10-CM D86 = Sarcoidosis.,15
ifc_als,Amyotrophic lateral sclerosis (IFC-named),ICD10CM,cms_icd10cm_fy2024..fy2027,G12.21,91 FR 33376 names ALS; ICD-10-CM G12.21 = Amyotrophic lateral sclerosis.,1
ifc_huntington,Huntington's disease (IFC-named),ICD10CM,cms_icd10cm_fy2024..fy2027,G10,91 FR 33376 names Huntington's disease; ICD-10-CM G10.,1
ifc_parkinson,Parkinson's disease (IFC-named),ICD10CM,cms_icd10cm_fy2024..fy2027,G20,91 FR 33376 names Parkinson's disease; ICD-10-CM G20 (Parkinson's disease). Secondary parkinsonism G21 is not selected.,8
ifc_hereditary_ataxia,Hereditary ataxia incl. spinocerebellar ataxias (IFC-named),ICD10CM,cms_icd10cm_fy2024..fy2027,G11,91 FR 33376 names spinocerebellar ataxias; ICD-10-CM G11 = Hereditary ataxia (includes spinocerebellar ataxias). Broader than the named condition; documented choice.,13
ifc_hemophilia,Hemophilia A and B (IFC-named),ICD10CM,cms_icd10cm_fy2024..fy2027,D66; D67,"91 FR 33376 names hemophilia; ICD-10-CM D66 Hereditary factor VIII deficiency, D67 Hereditary factor IX deficiency.",2
ifc_beta_thalassemia,Beta thalassemia (IFC names 'Thalassemia major'),ICD10CM,cms_icd10cm_fy2024..fy2027,D56.1,"91 FR 33376 names thalassemia major; ICD-10-CM has no code titled thalassemia major. D56.1 Beta thalassemia includes it and milder forms; documented choice, severity marker required by default.",1
ifc_hiv_disease,HIV disease (IFC-named HIV/AIDS),ICD10CM,cms_icd10cm_fy2024..fy2027,B20,91 FR 33375-33376 names HIV/AIDS; ICD-10-CM B20 = HIV disease. Z21 (asymptomatic HIV status) is not selected.,1
ifc_esrd_dialysis,End stage renal disease or dialysis dependence (IFC-named ESRD),ICD10CM,cms_icd10cm_fy2024..fy2027,N18.6; Z99.2,"91 FR 33376 names ESRD; ICD-10-CM N18.6 End stage renal disease, Z99.2 Dependence on renal dialysis.",2
ifc_cystic_fibrosis,Cystic fibrosis (IFC-named),ICD10CM,cms_icd10cm_fy2024..fy2027,E84,91 FR 33375-33376 names cystic fibrosis; ICD-10-CM E84.,7
ifc_transplant_status,Transplanted organ status,ICD10CM,cms_icd10cm_fy2024..fy2027,Z94.0; Z94.1; Z94.2; Z94.3; Z94.4; Z94.81; Z94.82; Z94.83; Z94.84,"IFC criterion 'requiring treatment that carries a risk of serious complications' (42 CFR 435.554(c)(5)(i)(E)); solid-organ and marrow/stem-cell transplant status codes. Z94.5-Z94.7 (skin, bone, cornea) not selected.",9
ifc_down_fragilex_prader_willi,"Down syndrome, Fragile X, Prader-Willi (IFC-named developmental disabilities)",ICD10CM,cms_icd10cm_fy2024..fy2027,Q90; Q99.2; Q87.11,"91 FR 33375 names Down syndrome, Fragile X syndrome, Prader-Willi syndrome.",7
ifc_major_amputation,Acquired absence of limb at or above hand/wrist or foot/ankle (IFC-named amputation),ICD10CM,cms_icd10cm_fy2024..fy2027,Z89.1; Z89.2; Z89.43; Z89.44; Z89.5; Z89.6; Z89.9,"91 FR 33375 names amputation. Finger/thumb (Z89.0) and toe (Z89.41, Z89.42) absence not selected; documented choice.",53
fs_adl_dependence,Functional-status codes indicating ADL dependence,ICD10CM,cms_icd10cm_fy2024..fy2027,Z74.01; Z74.1; Z74.2; Z74.3; Z99.3,ICD-10-CM titles: bed confinement status; need for assistance with personal care; need for assistance at home and no other household member able to render care; need for continuous supervision; dependence on wheelchair. Used as impairment evidence for 42 CFR 435.554(c)(5)(i)(D) (ADL) and the (c)(5)(i) 'significantly impairs' standard.,5
fs_reduced_mobility,Other reduced mobility,ICD10CM,cms_icd10cm_fy2024..fy2027,Z74.09,ICD-10-CM Z74.09 Other reduced mobility. Weaker impairment evidence; used for the possible tier only by default.,1
fs_life_support_dependence,"Dependence on ventilator, oxygen, tracheostomy or gastrostomy",ICD10CM,cms_icd10cm_fy2024..fy2027,Z99.11; Z99.81; Z93.0; Z93.1,ICD-10-CM titles: dependence on respirator [ventilator] status; dependence on supplemental oxygen; tracheostomy status; gastrostomy status. IFC criterion 'requiring management to tight physiological parameters' / 'requiring frequent monitoring'.,4
redesign_f10_f19,Redesign family F10-F19 (substance use),ICD10CM,cms_icd10cm_fy2024..fy2027; selection from basu_berkowitz_2026,F10-F19,Basu & Berkowitz 2026 redesign family.,590
redesign_f20_f29,Redesign family F20-F29 (schizophrenia spectrum),ICD10CM,cms_icd10cm_fy2024..fy2027; selection from basu_berkowitz_2026,F20-F29,Basu & Berkowitz 2026 redesign family.,21
redesign_f30_f39,Redesign family F30-F39 (mood),ICD10CM,cms_icd10cm_fy2024..fy2027; selection from basu_berkowitz_2026,F30-F39,Basu & Berkowitz 2026 redesign family.,76
redesign_f40_f48,Redesign family F40-F48 (anxiety and related),ICD10CM,cms_icd10cm_fy2024..fy2027; selection from basu_berkowitz_2026,F40-F48,Basu & Berkowitz 2026 redesign family.,92
redesign_c00_d49,Redesign family C00-D49 (neoplasms),ICD10CM,cms_icd10cm_fy2024..fy2027; selection from basu_berkowitz_2026,C00-D49,Basu & Berkowitz 2026 redesign family.,2181
redesign_g10_g99,Redesign family G10-G99 (nervous system),ICD10CM,cms_icd10cm_fy2024..fy2027; selection from basu_berkowitz_2026,G10-G99,Basu & Berkowitz 2026 redesign family.,888
redesign_m00_m99,Redesign family M00-M99 (musculoskeletal),ICD10CM,cms_icd10cm_fy2024..fy2027; selection from basu_berkowitz_2026,M00-M99,Basu & Berkowitz 2026 redesign family.,8707
redesign_i00_i99,Redesign family I00-I99 (circulatory),ICD10CM,cms_icd10cm_fy2024..fy2027; selection from basu_berkowitz_2026,I00-I99,"Basu & Berkowitz 2026 redesign family. Includes hypertension, which the IFC (91 FR 33376) says it would not typically expect to qualify.",1807
redesign_j00_j99,Redesign family J00-J99 (respiratory),ICD10CM,cms_icd10cm_fy2024..fy2027; selection from basu_berkowitz_2026,J00-J99,"Basu & Berkowitz 2026 redesign family. Includes asthma, which the IFC says it would not typically expect to qualify.",478
redesign_n00_n99,Redesign family N00-N99 (genitourinary),ICD10CM,cms_icd10cm_fy2024..fy2027; selection from basu_berkowitz_2026,N00-N99,Basu & Berkowitz 2026 redesign family.,1047
redesign_e00_e89,Redesign family E00-E90 as written in the paper; ICD-10-CM chapter 4 ends at E89,ICD10CM,cms_icd10cm_fy2024..fy2027; selection from basu_berkowitz_2026,E00-E89,"Basu & Berkowitz 2026 redesign family. Includes diabetes and obesity, which the IFC says it would not typically expect to qualify.",1270
redesign_z59,Redesign family Z59 (housing and economic circumstances),ICD10CM,cms_icd10cm_fy2024..fy2027; selection from basu_berkowitz_2026,Z59,Basu & Berkowitz 2026 redesign family. The IFC (91 FR 33373) states homelessness alone is not a medical condition; outreach prioritization only.,33
redesign_z60,Redesign family Z60 (social environment),ICD10CM,cms_icd10cm_fy2024..fy2027; selection from basu_berkowitz_2026,Z60,Basu & Berkowitz 2026 redesign family; outreach prioritization only.,8
hc_personal_care_attendant,Personal care and attendant care services,HCPCS,cms_hcpcs_2026_oct,T1019; T1020; S5125; S5126,"Hands-on help with ADLs. IFC defines ADLs as bathing, dressing, transferring, walking, toileting, eating (91 FR 33375).",4
hc_home_health_aide,Home health or hospice aide,HCPCS,cms_hcpcs_2026_oct,G0156,,1
hc_home_health_skilled,Skilled home health or hospice services,HCPCS,cms_hcpcs_2026_oct,G0151-G0155; G0157-G0162; G0299; G0300; G0493-G0496,,17
hc_adult_day,Adult day care,HCPCS,cms_hcpcs_2026_oct,S5100-S5105,,4
hc_habilitation_waiver,Residential or day habilitation (waiver),HCPCS,cms_hcpcs_2026_oct,T2016; T2017; T2020; T2021,Habilitation services for people with intellectual or developmental disabilities.,4
hc_iadl_supports,"IADL supports (chore, homemaker, companion, home-delivered meals, emergency response)",HCPCS,cms_hcpcs_2026_oct,S5120; S5121; S5130; S5131; S5135; S5136; S5170; S5160-S5162,"The IFC counts ADLs, not IADLs, for category (D) (91 FR 33375); possible tier only.",10
hc_respite,Respite care,HCPCS,cms_hcpcs_2026_oct,S5150; S5151; T1005,IFC criterion 'requiring a major time or effort commitment from caregivers' (42 CFR 435.554(c)(5)(i)(E)).,3
hc_wheelchair,Wheelchairs and power mobility devices,HCPCS,cms_hcpcs_2026_oct,K0001-K0014; K0800-K0899; E1050-E1298,,135
hc_patient_lift,Patient lifts,HCPCS,cms_hcpcs_2026_oct,E0630; E0635; E0639; E0640,,4
hc_hospital_bed,Hospital beds,HCPCS,cms_hcpcs_2026_oct,E0250-E0304; E0328; E0329,,23
hc_commode,Commode chairs,HCPCS,cms_hcpcs_2026_oct,E0163; E0165; E0168; E0170; E0171,,5
hc_home_oxygen,Home oxygen systems and concentrators,HCPCS,cms_hcpcs_2026_oct,E0424-E0444; E1390-E1392,,15
hc_home_ventilator,Home ventilators,HCPCS,cms_hcpcs_2026_oct,E0465-E0468,,4
hc_enteral_parenteral,Enteral and parenteral nutrition,HCPCS,cms_hcpcs_2026_oct,B4034-B9999,,50
hc_hospice,Hospice care by location,HCPCS,cms_hcpcs_2026_oct,Q5001-Q5010,,10
hc_dialysis,Dialysis procedures and home dialysis equipment,HCPCS,cms_hcpcs_2026_oct,G0491; G0492; E1590; E1592; E1594; E1629; E1630; E1632; E1635,,9
hc_antineoplastic_drugs,HCPCS J9000-J9999 drug section (predominantly antineoplastic),HCPCS,cms_hcpcs_2026_oct,J9000-J9999,"Severity marker for cancer within category (E); the J9 section also contains a few non-antineoplastic drugs, so it is never sufficient alone.",237
hc_sud_treatment,Alcohol and/or drug treatment services,HCPCS,cms_hcpcs_2026_oct,H0005; H0007-H0016; H0020; H0047; H2034-H2036,SUD treatment services; also evidence for the separate treatment-program exclusion at 42 CFR 435.554(c)(8).,16
hc_mh_intensive,Intensive or crisis mental health services,HCPCS,cms_hcpcs_2026_oct,H0017-H0019; H0035; H0036; H0037; H0039; H0040; H2011; H2012; H2013; H2017; H2018; H2040; H2041; S9480; S9484; S9485,"Utilization domain named in IFC (inpatient, intensive outpatient; 91 FR 33406).",18
hc_lai_antipsychotic,Long-acting injectable antipsychotics,HCPCS,cms_hcpcs_2026_oct,J0401; J0402; J1631; J1943; J1944; J2358; J2426; J2427; J2428; J2680; J2794; J2798; J2799; J2801; J1942; C9035; C9037; C9152; C9158; C9470,Codes whose official descriptions name a long-acting or decanoate antipsychotic; terminated C-codes kept for older claims.,20
pos_inpatient,"Inpatient hospital, inpatient psychiatric facility, inpatient rehabilitation facility",POS,cms_pos,21; 51; 61,,3
pos_inpatient_psych,Inpatient psychiatric facility,POS,cms_pos,51,,1
pos_psych_partial_hosp,Psychiatric facility partial hospitalization,POS,cms_pos,52,,1
pos_residential_bh,Residential substance abuse treatment facility; psychiatric residential treatment center,POS,cms_pos,55; 56,,2
pos_sud_nonresidential,Non-residential substance abuse treatment facility; non-residential opioid treatment facility,POS,cms_pos,57; 58,,2
pos_nursing_facility,"Skilled nursing, nursing, or custodial care facility",POS,cms_pos,31; 32; 33,,3
pos_icf_iid,ICF for individuals with intellectual disabilities,POS,cms_pos,54,,1
pos_hospice,Hospice,POS,cms_pos,34,,1
pos_esrd,End-stage renal disease treatment facility,POS,cms_pos,65,,1
pos_emergency,Emergency room - hospital,POS,cms_pos,23,,1
dsm5tr_trauma_stressor,Trauma- and stressor-related disorders except adjustment disorders (DSM-5-TR chapter),ICD10CM,cms_icd10cm_fy2024..fy2027; selection from dsm5tr_2022; friedman_2011_dsm5_trauma,F43.0; F43.1; F43.8; F43.9; F94.1; F94.2,"Acute stress reaction, PTSD, other and unspecified reactions to severe stress, reactive attachment disorder, disinhibited social engagement disorder.",11
dsm5tr_adjustment_disorders,Adjustment disorders (DSM-5-TR trauma- and stressor-related chapter),ICD10CM,cms_icd10cm_fy2024..fy2027; selection from dsm5tr_2022,F43.2,Kept as a separate component so a state can drop it; see categories.yaml.,8
preg_icd10cm_chapter15,"ICD-10-CM Chapter 15, Pregnancy, childbirth and the puerperium (O00-O9A)",ICD10CM,cms_icd10cm_fy2024..fy2027,O00-O9A,SSA 1902(xx)(9)(A)(ii)(IX); 42 CFR 435.554(c)(10). Claims fallback only; the eligibility aid category is the primary source.,3079
preg_icd10cm_z_codes,"Pregnancy-state, supervision, antenatal screening, gestational-weeks and postpartum encounter Z codes",ICD10CM,cms_icd10cm_fy2024..fy2027,Z33.1; Z34; Z36; Z3A; Z39,"ICD-10-CM Z33.1 Pregnant state, incidental; Z34 supervision of normal pregnancy; Z36 antenatal screening; Z3A weeks of gestation; Z39 postpartum care and examination.",84
cpt_dialysis,Dialysis procedure codes named in CMS Medicare Claims Processing Manual Ch. 8,CPT,cms_mcpm_ch8,individually cited,,5
tob_inpatient_hospital,Hospital inpatient type of bill (11x),TOB_PREFIX,resdac_fac_type,individually cited,,1
tob_snf_icf,"SNF inpatient (21x, 22x) and intermediate care (65x, 66x) type of bill",TOB_PREFIX,"resdac_fac_type,resdac_srvc_cls",individually cited,,4
tob_home_health,"Home health type of bill (32x, 33x)",TOB_PREFIX,"cms_mcpm_ch10,resdac_srvc_cls",individually cited,,2
tob_hospice,"Hospice type of bill (81x, 82x)",TOB_PREFIX,cms_mcpm_ch11,individually cited,,2
tob_esrd,Renal dialysis facility type of bill (72x),TOB_PREFIX,resdac_srvc_cls,individually cited,,1
tob_otp,Freestanding non-residential opioid treatment program type of bill (87x),TOB_PREFIX,resdac_srvc_cls,individually cited,,1
rev_dialysis,Dialysis revenue codes,REV_PREFIX,cms_mcpm_ch8,individually cited,,5
rev_hospice,Hospice level-of-care revenue codes,REV_PREFIX,cms_mcpm_ch11,individually cited,,4
rev_home_health,Home health skilled nursing and aide revenue codes,REV_PREFIX,cms_mcpm_ch10,individually cited,,2
